cliente_id,sku,fecha,unidades_inventario,kilos_inventario,sell_in_unidades,sell_in_kilos,sell_in_valor,sell_out_unidades,sell_out_kilos,sell_out_valor,cum_si_u,cum_so_u,cum_si_k,cum_so_k,inv_unidades_cierre,inv_kilos_cierre,inv_negativa_flag,inv_kilos_cierre_clip,avg_diario_30d_kilos,sell_out_kilos_30d,doh_30d,mes,cliente,canal,regional,zona,ciudad,formato_cliente,descripcion_producto,peso_kg,unidad,variedad,subcategoria,categoria,tipo_producto,marca,origen,anio_mes,riesgo
C013,190101,2025-12-31,4,1.6,4.0,0.0,78820.0,0.0,0.0,0.0,20.0,20.0,6.4,8.0,4.0,0.0,False,0.0,0.12000000000000002,3.6000000000000005,0.0,2025-12-01,La Mesa Premium,Tiendas Especializadas,Occidente,,Cali,Especialidad,TABLA APERITIVO NAVIDEÑA MONTE AZUL 400G,0.4,UND,MIXTO QUESOS,TEMPORADA,QUESOS MADURADOS,temporada,MONTE AZUL,IMPORTADO,2025-12,Desabastecimiento
C018,900102,2025-12-31,93,7.44,0.0,0.0,0.0,11.0,0.88,98070.0,2638.0,2669.0,205.84,212.88,62.0,0.4000000000000057,False,0.4000000000000057,0.672,20.16,0.5952380952381037,2025-12-01,Cadena Uno,Hard Discount,Occidente,Valle del Cauca,Cali,Discounter,PEPPERONI TAJADO CASA IBERIA 80G,0.08,UND,PEPPERONI,CHARCUTERIA,CARNES MADURADAS,regular,CASA IBERIA,IMPORTADO,2025-12,Desabastecimiento
C005,300102,2025-12-31,105,24.15,0.0,0.0,0.0,10.0,2.3,84690.0,2739.0,2772.0,610.19,632.96,72.0,1.3799999999999955,False,1.3799999999999955,1.8783333333333332,56.349999999999994,0.734693877551018,2025-12-01,PrecioListo,Hard Discount,Antioquia,Valle de Aburrá,Medellín,Discounter,JAMON DE PAVO FINAS LONCHAS SIERRA CARNES 230G,0.23,UND,JAMON PAVO,LONCHAS,CARNES FRIAS,regular,SIERRA CARNES,NACIONAL,2025-12,Desabastecimiento
C012,110110,2025-12-31,8,2.88,0.0,0.0,0.0,1.0,0.36,37820.0,216.0,215.0,73.44,75.96,9.0,0.35999999999999943,False,0.35999999999999943,0.348,10.44,1.0344827586206882,2025-12-01,Delimarket Gourmet,Tiendas Especializadas,Centro,Bogotá y Sabana,Bogotá,Especialidad,MIX QUESOS PREMIUM MONTE AZUL 360G,0.36,UND,MIXTO QUESOS,MEZCLAS PREMIUM,QUESOS MADURADOS,regular,MONTE AZUL,IMPORTADO,2025-12,Desabastecimiento
C001,110103,2025-12-31,102,15.3,0.0,0.0,0.0,11.0,1.65,160600.0,2401.0,2421.0,347.1,360.84,82.0,1.5600000000000591,False,1.5600000000000591,1.35,40.5,1.1555555555555992,2025-12-01,HiperMax Nacional,Grandes Superficies,Centro,Bogotá y Sabana,Bogotá,Hipermercado,MUENSTER TAJADO LOMA DORADA 150G,0.15,UND,MUENSTER,QUESOS TAJADOS PREMIUM,QUESOS MADURADOS,regular,LOMA DORADA,IMPORTADO,2025-12,Desabastecimiento
C003,190102,2025-12-31,28,14.0,0.0,0.0,0.0,1.0,0.5,30860.0,126.0,137.0,56.0,68.0,17.0,2.0,False,2.0,1.3333333333333333,40.0,1.5,2025-12-01,MaxiCompra Caribe,Grandes Superficies,Caribe,Costa Norte,Barranquilla,Supermercado,DUO FESTIVO QUESOS Y CARNES 500G,0.5,UND,MIXTO QUESOS-CARNES,TEMPORADA,QUESOS MADURADOS,temporada,MONTE AZUL,MAQUILA,2025-12,Desabastecimiento
C004,130104,2025-12-31,245,36.75,0.0,0.0,0.0,25.0,3.75,136380.0,6264.0,6354.0,912.15,943.326,155.0,5.573999999999955,False,5.573999999999955,2.9299999999999997,87.89999999999999,1.9023890784982784,2025-12-01,Descuento Ya,Hard Discount,Centro,Bogotá y Sabana,Bogotá,Discounter,PIZZA MIX RALLADO DELILAT 150G,0.15,UND,MIXTO QUESOS,RALLADOS,QUESOS ANALOGOS,regular,DELILAT,MAQUILA,2025-12,Desabastecimiento
C003,900102,2025-12-31,85,6.8,0.0,0.0,0.0,4.0,0.32,39810.0,1787.0,1825.0,138.64000000000001,144.4,47.0,1.0400000000000205,False,1.0400000000000205,0.52,15.6,2.000000000000039,2025-12-01,MaxiCompra Caribe,Grandes Superficies,Caribe,Costa Norte,Barranquilla,Supermercado,PEPPERONI TAJADO CASA IBERIA 80G,0.08,UND,PEPPERONI,CHARCUTERIA,CARNES MADURADAS,regular,CASA IBERIA,IMPORTADO,2025-12,Desabastecimiento
C002,190102,2025-12-31,22,11.0,0.0,0.0,0.0,4.0,2.0,123490.0,127.0,144.0,63.5,71.5,5.0,3.0,False,3.0,1.4833333333333334,44.5,2.0224719101123596,2025-12-01,SuperAhorro,Grandes Superficies,Antioquia,Valle de Aburrá,Medellín,Supermercado,DUO FESTIVO QUESOS Y CARNES 500G,0.5,UND,MIXTO QUESOS-CARNES,TEMPORADA,QUESOS MADURADOS,temporada,MONTE AZUL,MAQUILA,2025-12,Desabastecimiento
C001,110112,2025-12-31,239,23.9,0.0,0.0,0.0,14.0,1.4,96400.0,4590.0,4699.0,443.9,465.124,130.0,2.675999999999931,False,2.675999999999931,1.3,39.0,2.058461538461485,2025-12-01,HiperMax Nacional,Grandes Superficies,Centro,Bogotá y Sabana,Bogotá,Hipermercado,PARMESANO RALLADO ORO LECHE 100G,0.1,UND,TIPO PARMESANO,RALLADOS,QUESO PARMESANO,regular,ORO LECHE,MAQUILA,2025-12,Desabastecimiento
C004,130101,2025-12-31,424,63.6,0.0,0.0,0.0,45.0,6.75,236880.0,13560.0,13650.0,1978.47,2024.4,334.0,17.669999999999845,False,17.669999999999845,6.194999999999999,185.85,2.8523002421307257,2025-12-01,Descuento Ya,Hard Discount,Centro,Bogotá y Sabana,Bogotá,Discounter,CHEDDAR ESTILO AMERICANO DELILAT 150G,0.15,UND,CHEDDAR ANALOGO,LONCHAS,QUESOS ANALOGOS,regular,DELILAT,MAQUILA,2025-12,Desabastecimiento
C016,110102,2025-12-31,56,8.4,0.0,0.0,0.0,3.0,0.45,43590.0,1207.0,1223.0,174.6,181.062,40.0,1.9379999999999882,False,1.9379999999999882,0.6650000000000001,19.950000000000003,2.914285714285696,2025-12-01,Canasta Familiar,Grandes Superficies,Santanderes,Bucaramanga Metropolitana,Bucaramanga,Supermercado,HOLANDES TAJADO LOMA DORADA 150G,0.15,UND,HOLANDES,QUESOS TAJADOS PREMIUM,QUESOS MADURADOS,regular,LOMA DORADA,IMPORTADO,2025-12,Desabastecimiento
C004,130103,2025-12-31,336,96.768,0.0,0.0,0.0,31.0,8.928,229930.0,8519.0,8640.0,2381.472,2457.331,215.0,20.909000000000106,False,20.909000000000106,7.161600000000001,214.848,2.9195989722967077,2025-12-01,Descuento Ya,Hard Discount,Centro,Bogotá y Sabana,Bogotá,Discounter,LONCHAS AMERICANAS DELILAT 288G,0.288,UND,CHEDDAR ANALOGO,LONCHITAS,QUESOS ANALOGOS,regular,DELILAT,MAQUILA,2025-12,Desabastecimiento
C016,900103,2025-12-31,66,5.28,0.0,0.0,0.0,4.0,0.32,43980.0,1363.0,1384.0,105.6,109.92,45.0,0.9599999999999937,False,0.9599999999999937,0.3226666666666667,9.680000000000001,2.9752066115702283,2025-12-01,Canasta Familiar,Grandes Superficies,Santanderes,Bucaramanga Metropolitana,Bucaramanga,Supermercado,JAMON SERRANO TAJADO CASA IBERIA 80G,0.08,UND,JAMON SERRANO,CHARCUTERIA,CARNES MADURADAS,regular,CASA IBERIA,IMPORTADO,2025-12,Desabastecimiento
C005,130101,2025-12-31,356,53.4,0.0,0.0,0.0,43.0,6.45,221700.0,11142.0,11110.0,1621.8,1659.45,388.0,15.75,False,15.75,5.234999999999999,157.04999999999998,3.008595988538682,2025-12-01,PrecioListo,Hard Discount,Antioquia,Valle de Aburrá,Medellín,Discounter,CHEDDAR ESTILO AMERICANO DELILAT 150G,0.15,UND,CHEDDAR ANALOGO,LONCHAS,QUESOS ANALOGOS,regular,DELILAT,MAQUILA,2025-12,Desabastecimiento
C015,900102,2025-12-31,12,0.96,9.0,0.72,67230.0,0.0,0.0,0.0,348.0,344.0,26.72,27.36,16.0,0.3200000000000003,False,0.3200000000000003,0.09333333333333334,2.8000000000000003,3.4285714285714315,2025-12-01,Abarrotes Norte,Tradicional Modernizado,Caribe,Costa Norte,Barranquilla,Supermercado Regional,PEPPERONI TAJADO CASA IBERIA 80G,0.08,UND,PEPPERONI,CHARCUTERIA,CARNES MADURADAS,regular,CASA IBERIA,IMPORTADO,2025-12,Desabastecimiento
C001,120103,2025-12-31,113,22.6,0.0,0.0,0.0,12.0,2.4,119150.0,2880.0,2912.0,556.8,572.912,81.0,6.487999999999943,False,6.487999999999943,1.8333333333333333,55.0,3.5389090909090597,2025-12-01,HiperMax Nacional,Grandes Superficies,Centro,Bogotá y Sabana,Bogotá,Hipermercado,QUESO CREMA CAMPOCLARO 200G,0.2,UND,CREMAS,UNTABLES,QUESOS FRESCOS,regular,CAMPOCLARO,NACIONAL,2025-12,Desabastecimiento
C003,110103,2025-12-31,72,10.8,0.0,0.0,0.0,6.0,0.9,87930.0,1703.0,1702.0,243.75,250.998,73.0,3.552000000000021,False,3.552000000000021,0.935,28.05,3.7989304812834446,2025-12-01,MaxiCompra Caribe,Grandes Superficies,Caribe,Costa Norte,Barranquilla,Supermercado,MUENSTER TAJADO LOMA DORADA 150G,0.15,UND,MUENSTER,QUESOS TAJADOS PREMIUM,QUESOS MADURADOS,regular,LOMA DORADA,IMPORTADO,2025-12,Desabastecimiento
C003,190101,2025-12-31,14,5.6,0.0,0.0,0.0,2.0,0.8,50700.0,92.0,96.0,35.2,38.0,10.0,2.8000000000000043,False,2.8000000000000043,0.7333333333333333,22.0,3.818181818181824,2025-12-01,MaxiCompra Caribe,Grandes Superficies,Caribe,Costa Norte,Barranquilla,Supermercado,TABLA APERITIVO NAVIDEÑA MONTE AZUL 400G,0.4,UND,MIXTO QUESOS,TEMPORADA,QUESOS MADURADOS,temporada,MONTE AZUL,IMPORTADO,2025-12,Desabastecimiento
C017,900103,2025-12-31,3,0.24,0.0,0.0,0.0,1.0,0.08,11540.0,175.0,174.0,13.6,13.68,4.0,0.16000000000000014,False,0.16000000000000014,0.04,1.2,4.0000000000000036,2025-12-01,RapiExpress,E-commerce,Centro,Bogotá y Sabana,Bogotá,Quick Commerce,JAMON SERRANO TAJADO CASA IBERIA 80G,0.08,UND,JAMON SERRANO,CHARCUTERIA,CARNES MADURADAS,regular,CASA IBERIA,IMPORTADO,2025-12,Desabastecimiento
C002,110110,2025-12-31,31,11.16,0.0,0.0,0.0,1.0,0.36,34470.0,730.0,737.0,254.52,262.051,24.0,3.629000000000019,False,3.629000000000019,0.9,27.0,4.032222222222243,2025-12-01,SuperAhorro,Grandes Superficies,Antioquia,Valle de Aburrá,Medellín,Supermercado,MIX QUESOS PREMIUM MONTE AZUL 360G,0.36,UND,MIXTO QUESOS,MEZCLAS PREMIUM,QUESOS MADURADOS,regular,MONTE AZUL,IMPORTADO,2025-12,Desabastecimiento
C014,110101,2025-12-31,70,10.5,0.0,0.0,0.0,3.0,0.45,43720.0,1707.0,1724.0,248.7,255.6,53.0,3.5999999999999943,False,3.5999999999999943,0.89,26.7,4.044943820224713,2025-12-01,Plaza Hogar,Grandes Superficies,Occidente,Valle del Cauca,Cali,Hipermercado,GOUDA AHUMADO TAJADO LOMA DORADA 150G,0.15,UND,GOUDA AHUMADO,QUESOS TAJADOS PREMIUM,QUESOS MADURADOS,regular,LOMA DORADA,IMPORTADO,2025-12,Desabastecimiento
C001,190101,2025-12-31,25,10.0,0.0,0.0,0.0,5.0,2.0,126230.0,135.0,145.0,50.4,56.0,15.0,4.399999999999999,False,4.399999999999999,1.0533333333333335,31.6,4.177215189873416,2025-12-01,HiperMax Nacional,Grandes Superficies,Centro,Bogotá y Sabana,Bogotá,Hipermercado,TABLA APERITIVO NAVIDEÑA MONTE AZUL 400G,0.4,UND,MIXTO QUESOS,TEMPORADA,QUESOS MADURADOS,temporada,MONTE AZUL,IMPORTADO,2025-12,Desabastecimiento
C002,130101,2025-12-31,104,15.6,0.0,0.0,0.0,6.0,0.9,33610.0,3014.0,3016.0,437.7,446.964,102.0,6.336000000000013,False,6.336000000000013,1.425,42.75,4.446315789473693,2025-12-01,SuperAhorro,Grandes Superficies,Antioquia,Valle de Aburrá,Medellín,Supermercado,CHEDDAR ESTILO AMERICANO DELILAT 150G,0.15,UND,CHEDDAR ANALOGO,LONCHAS,QUESOS ANALOGOS,regular,DELILAT,MAQUILA,2025-12,Desabastecimiento
C012,190101,2025-12-31,7,2.8,0.0,0.0,0.0,0.0,0.0,0.0,32.0,36.0,12.8,14.4,3.0,1.200000000000001,False,1.200000000000001,0.2666666666666667,8.000000000000002,4.5000000000000036,2025-12-01,Delimarket Gourmet,Tiendas Especializadas,Centro,Bogotá y Sabana,Bogotá,Especialidad,TABLA APERITIVO NAVIDEÑA MONTE AZUL 400G,0.4,UND,MIXTO QUESOS,TEMPORADA,QUESOS MADURADOS,temporada,MONTE AZUL,IMPORTADO,2025-12,Desabastecimiento
C016,120101,2025-12-31,92,0.0,0.0,0.0,0.0,7.0,1.75,69440.0,2066.0,2085.0,516.5,509.75,73.0,6.75,False,6.75,1.4916666666666667,44.75,4.5251396648044695,2025-12-01,Canasta Familiar,Grandes Superficies,Santanderes,Bucaramanga Metropolitana,Bucaramanga,Supermercado,MOZZARELLA TAJADA CAMPOCLARO 250G,0.25,UND,MOZZARELLA,QUESOS TAJADOS,QUESOS FRESCOS,regular,CAMPOCLARO,NACIONAL,2025-12,Desabastecimiento
C016,190102,2025-12-31,20,10.0,0.0,0.0,0.0,2.0,1.0,60220.0,122.0,131.0,61.0,65.0,11.0,6.0,False,6.0,1.3,39.0,4.615384615384615,2025-12-01,Canasta Familiar,Grandes Superficies,Santanderes,Bucaramanga Metropolitana,Bucaramanga,Supermercado,DUO FESTIVO QUESOS Y CARNES 500G,0.5,UND,MIXTO QUESOS-CARNES,TEMPORADA,QUESOS MADURADOS,temporada,MONTE AZUL,MAQUILA,2025-12,Desabastecimiento
C001,110114,2025-12-31,96,24.0,0.0,0.0,0.0,8.0,2.0,193280.0,1988.0,2020.0,482.25,497.87,64.0,8.379999999999995,False,8.379999999999995,1.7833333333333334,53.5,4.6990654205607445,2025-12-01,HiperMax Nacional,Grandes Superficies,Centro,Bogotá y Sabana,Bogotá,Hipermercado,GOUDA NATURAL CUÑA LOMA DORADA 250G,0.25,UND,GOUDA NATURAL,CUÑAS,QUESOS MADURADOS,regular,LOMA DORADA,IMPORTADO,2025-12,Desabastecimiento
C016,110114,2025-12-31,55,13.75,0.0,0.0,0.0,2.0,0.5,48330.0,1414.0,1418.0,344.5,352.25,51.0,6.0,False,6.0,1.2333333333333334,37.0,4.864864864864865,2025-12-01,Canasta Familiar,Grandes Superficies,Santanderes,Bucaramanga Metropolitana,Bucaramanga,Supermercado,GOUDA NATURAL CUÑA LOMA DORADA 250G,0.25,UND,GOUDA NATURAL,CUÑAS,QUESOS MADURADOS,regular,LOMA DORADA,IMPORTADO,2025-12,Desabastecimiento
C001,190102,2025-12-31,26,13.0,0.0,0.0,0.0,6.0,3.0,179500.0,226.0,237.0,113.0,114.5,15.0,11.5,False,11.5,2.3,69.0,5.0,2025-12-01,HiperMax Nacional,Grandes Superficies,Centro,Bogotá y Sabana,Bogotá,Hipermercado,DUO FESTIVO QUESOS Y CARNES 500G,0.5,UND,MIXTO QUESOS-CARNES,TEMPORADA,QUESOS MADURADOS,temporada,MONTE AZUL,MAQUILA,2025-12,Desabastecimiento
C013,110109,2025-12-31,13,1.95,0.0,0.0,0.0,1.0,0.15,17510.0,371.0,371.0,54.0,55.038,13.0,0.9120000000000061,False,0.9120000000000061,0.18000000000000002,5.4,5.0666666666667,2025-12-01,La Mesa Premium,Tiendas Especializadas,Occidente,,Cali,Especialidad,IBERICO CUÑA MONTE AZUL 150G,0.15,UND,IBERICO,CUÑAS PREMIUM,QUESOS MADURADOS,regular,MONTE AZUL,IMPORTADO,2025-12,Desabastecimiento
C013,190102,2025-12-31,4,2.0,0.0,0.0,0.0,0.0,0.0,0.0,28.0,29.0,14.0,14.5,3.0,1.5,False,1.5,0.2833333333333333,8.5,5.294117647058823,2025-12-01,La Mesa Premium,Tiendas Especializadas,Occidente,,Cali,Especialidad,DUO FESTIVO QUESOS Y CARNES 500G,0.5,UND,MIXTO QUESOS-CARNES,TEMPORADA,QUESOS MADURADOS,temporada,MONTE AZUL,MAQUILA,2025-12,Desabastecimiento
C003,120104,2025-12-31,86,17.2,0.0,0.0,0.0,5.0,1.0,39920.0,1763.0,1791.0,343.0,353.944,58.0,6.255999999999972,False,6.255999999999972,1.1466666666666667,34.4,5.455813953488347,2025-12-01,MaxiCompra Caribe,Grandes Superficies,Caribe,Costa Norte,Barranquilla,Supermercado,MOZZARELLA LIGHT CAMPOCLARO 200G,0.2,UND,MOZZARELLA,QUESOS TAJADOS,QUESOS FRESCOS,regular,CAMPOCLARO,NACIONAL,2025-12,Desabastecimiento
C003,190103,2025-12-31,19,11.4,0.0,0.0,0.0,2.0,1.2,84680.0,82.0,93.0,49.2,54.6,8.0,6.0,False,6.0,1.0799999999999998,32.4,5.555555555555556,2025-12-01,MaxiCompra Caribe,Grandes Superficies,Caribe,Costa Norte,Barranquilla,Supermercado,RACLETTE CELEBRACION LOMA DORADA 600G,0.6,UND,MIXTO QUESOS,TEMPORADA,QUESOS MADURADOS,temporada,LOMA DORADA,IMPORTADO,2025-12,Desabastecimiento
C015,130101,2025-12-31,29,4.35,0.0,0.0,0.0,1.0,0.15,5430.0,746.0,750.0,108.45,110.976,25.0,1.823999999999998,False,1.823999999999998,0.325,9.75,5.612307692307686,2025-12-01,Abarrotes Norte,Tradicional Modernizado,Caribe,Costa Norte,Barranquilla,Supermercado Regional,CHEDDAR ESTILO AMERICANO DELILAT 150G,0.15,UND,CHEDDAR ANALOGO,LONCHAS,QUESOS ANALOGOS,regular,DELILAT,MAQUILA,2025-12,Desabastecimiento
C012,110109,2025-12-31,14,2.1,0.0,0.0,0.0,2.0,0.3,34310.0,404.0,403.0,58.004999999999995,58.8,15.0,1.3049999999999997,False,1.3049999999999997,0.225,6.75,5.799999999999999,2025-12-01,Delimarket Gourmet,Tiendas Especializadas,Centro,Bogotá y Sabana,Bogotá,Especialidad,IBERICO CUÑA MONTE AZUL 150G,0.15,UND,IBERICO,CUÑAS PREMIUM,QUESOS MADURADOS,regular,MONTE AZUL,IMPORTADO,2025-12,Desabastecimiento
C018,110112,2025-12-31,136,13.6,0.0,0.0,0.0,10.0,1.0,62700.0,4213.0,4234.0,412.8,418.884,115.0,7.5160000000000196,False,7.5160000000000196,1.2633333333333332,37.9,5.949340369393156,2025-12-01,Cadena Uno,Hard Discount,Occidente,Valle del Cauca,Cali,Discounter,PARMESANO RALLADO ORO LECHE 100G,0.1,UND,TIPO PARMESANO,RALLADOS,QUESO PARMESANO,regular,ORO LECHE,MAQUILA,2025-12,Desabastecimiento
C002,190101,2025-12-31,18,7.2,0.0,0.0,0.0,0.0,0.0,0.0,115.0,118.0,46.0,47.2,15.0,6.0,False,6.0,1.0,30.0,6.0,2025-12-01,SuperAhorro,Grandes Superficies,Antioquia,Valle de Aburrá,Medellín,Supermercado,TABLA APERITIVO NAVIDEÑA MONTE AZUL 400G,0.4,UND,MIXTO QUESOS,TEMPORADA,QUESOS MADURADOS,temporada,MONTE AZUL,IMPORTADO,2025-12,Desabastecimiento
C017,900102,2025-12-31,6,0.48,4.0,0.32,29940.0,1.0,0.08,10670.0,214.0,213.0,16.88,16.959,7.0,0.4009999999999998,False,0.4009999999999998,0.06666666666666667,2.0,6.014999999999997,2025-12-01,RapiExpress,E-commerce,Centro,Bogotá y Sabana,Bogotá,Quick Commerce,PEPPERONI TAJADO CASA IBERIA 80G,0.08,UND,PEPPERONI,CHARCUTERIA,CARNES MADURADAS,regular,CASA IBERIA,IMPORTADO,2025-12,Desabastecimiento
C014,190103,2025-12-31,16,9.6,0.0,0.0,0.0,1.0,0.6,42020.0,98.0,101.0,58.8,60.6,13.0,7.79999999999999,False,7.79999999999999,1.22,36.6,6.393442622950811,2025-12-01,Plaza Hogar,Grandes Superficies,Occidente,Valle del Cauca,Cali,Hipermercado,RACLETTE CELEBRACION LOMA DORADA 600G,0.6,UND,MIXTO QUESOS,TEMPORADA,QUESOS MADURADOS,temporada,LOMA DORADA,IMPORTADO,2025-12,Desabastecimiento
C001,190103,2025-12-31,29,17.4,0.0,0.0,0.0,3.0,1.8,125770.0,154.0,167.0,92.4,97.2,16.0,12.600000000000009,False,12.600000000000009,1.9600000000000002,58.800000000000004,6.428571428571432,2025-12-01,HiperMax Nacional,Grandes Superficies,Centro,Bogotá y Sabana,Bogotá,Hipermercado,RACLETTE CELEBRACION LOMA DORADA 600G,0.6,UND,MIXTO QUESOS,TEMPORADA,QUESOS MADURADOS,temporada,LOMA DORADA,IMPORTADO,2025-12,Desabastecimiento
C014,900104,2025-12-31,74,5.92,0.0,0.0,0.0,8.0,0.64,74760.0,1836.0,1821.0,140.856,143.357,89.0,3.4189999999999827,False,3.4189999999999827,0.52,15.600000000000001,6.574999999999966,2025-12-01,Plaza Hogar,Grandes Superficies,Occidente,Valle del Cauca,Cali,Hipermercado,CHORIZO TAJADO CASA IBERIA 80G,0.08,UND,CHORIZO,CHARCUTERIA,CARNES MADURADAS,regular,CASA IBERIA,IMPORTADO,2025-12,Desabastecimiento
C001,110101,2025-12-31,97,14.55,0.0,0.0,0.0,13.0,1.95,192530.0,2252.0,2264.0,328.35,334.854,85.0,8.04600000000005,False,8.04600000000005,1.2199999999999998,36.599999999999994,6.595081967213156,2025-12-01,HiperMax Nacional,Grandes Superficies,Centro,Bogotá y Sabana,Bogotá,Hipermercado,GOUDA AHUMADO TAJADO LOMA DORADA 150G,0.15,UND,GOUDA AHUMADO,QUESOS TAJADOS PREMIUM,QUESOS MADURADOS,regular,LOMA DORADA,IMPORTADO,2025-12,Desabastecimiento
C001,110113,2025-12-31,116,29.0,0.0,0.0,0.0,11.0,2.75,169810.0,2403.0,2444.0,583.0,598.25,75.0,13.75,False,13.75,2.0,60.0,6.875,2025-12-01,HiperMax Nacional,Grandes Superficies,Centro,Bogotá y Sabana,Bogotá,Hipermercado,PARMESANO RALLADO ORO LECHE 250G,0.25,UND,TIPO PARMESANO,RALLADOS,QUESO PARMESANO,regular,ORO LECHE,MAQUILA,2025-12,Desabastecimiento
C013,110102,2025-12-31,19,2.85,24.0,3.6,276320.0,0.0,0.0,0.0,374.0,368.0,53.55,55.001999999999995,25.0,1.3980000000000032,False,1.3980000000000032,0.2,6.0,6.990000000000016,2025-12-01,La Mesa Premium,Tiendas Especializadas,Occidente,,Cali,Especialidad,HOLANDES TAJADO LOMA DORADA 150G,0.15,UND,HOLANDES,QUESOS TAJADOS PREMIUM,QUESOS MADURADOS,regular,LOMA DORADA,IMPORTADO,2025-12,Desabastecimiento
C016,190101,2025-12-31,16,6.4,0.0,0.0,0.0,0.0,0.0,0.0,87.0,92.0,34.8,36.800000000000004,11.0,4.3999999999999915,False,4.3999999999999915,0.6266666666666667,18.8,7.021276595744667,2025-12-01,Canasta Familiar,Grandes Superficies,Santanderes,Bucaramanga Metropolitana,Bucaramanga,Supermercado,TABLA APERITIVO NAVIDEÑA MONTE AZUL 400G,0.4,UND,MIXTO QUESOS,TEMPORADA,QUESOS MADURADOS,temporada,MONTE AZUL,IMPORTADO,2025-12,Desabastecimiento
C013,110107,2025-12-31,12,1.5,19.0,2.375,192090.0,0.0,0.0,0.0,289.0,282.0,34.5,34.885,19.0,1.115000000000002,False,1.115000000000002,0.15833333333333333,4.75,7.042105263157907,2025-12-01,La Mesa Premium,Tiendas Especializadas,Occidente,,Cali,Especialidad,CAMEMBERT CUÑA MONTE AZUL 125G,0.125,UND,CAMEMBERT,QUESOS BLANDOS,QUESOS MADURADOS,regular,MONTE AZUL,IMPORTADO,2025-12,Desabastecimiento
C016,110103,2025-12-31,45,6.75,0.0,0.0,0.0,4.0,0.6,58850.0,1281.0,1267.0,187.05,189.168,59.0,4.632000000000005,False,4.632000000000005,0.645,19.35,7.181395348837217,2025-12-01,Canasta Familiar,Grandes Superficies,Santanderes,Bucaramanga Metropolitana,Bucaramanga,Supermercado,MUENSTER TAJADO LOMA DORADA 150G,0.15,UND,MUENSTER,QUESOS TAJADOS PREMIUM,QUESOS MADURADOS,regular,LOMA DORADA,IMPORTADO,2025-12,Desabastecimiento
C005,130104,2025-12-31,185,27.75,0.0,0.0,0.0,17.0,2.55,91340.0,6258.0,6341.0,938.7,946.2,102.0,20.25,False,20.25,2.6850000000000005,80.55000000000001,7.541899441340781,2025-12-01,PrecioListo,Hard Discount,Antioquia,Valle de Aburrá,Medellín,Discounter,PIZZA MIX RALLADO DELILAT 150G,0.15,UND,MIXTO QUESOS,RALLADOS,QUESOS ANALOGOS,regular,DELILAT,MAQUILA,2025-12,Desabastecimiento
C003,110101,2025-12-31,51,7.65,0.0,0.0,0.0,5.0,0.75,71900.0,1534.0,1503.0,223.65,225.462,82.0,5.838000000000022,False,5.838000000000022,0.77,23.1,7.58181818181821,2025-12-01,MaxiCompra Caribe,Grandes Superficies,Caribe,Costa Norte,Barranquilla,Supermercado,GOUDA AHUMADO TAJADO LOMA DORADA 150G,0.15,UND,GOUDA AHUMADO,QUESOS TAJADOS PREMIUM,QUESOS MADURADOS,regular,LOMA DORADA,IMPORTADO,2025-12,Desabastecimiento
C014,120101,2025-12-31,115,28.75,0.0,0.0,0.0,12.0,3.0,120220.0,3329.0,3297.0,808.25,817.63,147.0,19.370000000000005,False,19.370000000000005,2.5,75.0,7.748000000000002,2025-12-01,Plaza Hogar,Grandes Superficies,Occidente,Valle del Cauca,Cali,Hipermercado,MOZZARELLA TAJADA CAMPOCLARO 250G,0.25,UND,MOZZARELLA,QUESOS TAJADOS,QUESOS FRESCOS,regular,CAMPOCLARO,NACIONAL,2025-12,Desabastecimiento
C014,190101,2025-12-31,23,9.2,0.0,0.0,0.0,0.0,0.0,0.0,109.0,119.0,43.6,46.4,13.0,6.399999999999999,False,6.399999999999999,0.8,24.0,7.999999999999998,2025-12-01,Plaza Hogar,Grandes Superficies,Occidente,Valle del Cauca,Cali,Hipermercado,TABLA APERITIVO NAVIDEÑA MONTE AZUL 400G,0.4,UND,MIXTO QUESOS,TEMPORADA,QUESOS MADURADOS,temporada,MONTE AZUL,IMPORTADO,2025-12,Desabastecimiento
C017,190102,2025-12-31,2,1.0,2.0,1.0,46250.0,1.0,0.5,32180.0,23.0,21.0,11.5,10.5,4.0,2.0,False,2.0,0.25,7.5,8.0,2025-12-01,RapiExpress,E-commerce,Centro,Bogotá y Sabana,Bogotá,Quick Commerce,DUO FESTIVO QUESOS Y CARNES 500G,0.5,UND,MIXTO QUESOS-CARNES,TEMPORADA,QUESOS MADURADOS,temporada,MONTE AZUL,MAQUILA,2025-12,Desabastecimiento
C015,110112,2025-12-31,32,3.2,22.0,2.2,116680.0,2.0,0.2,13090.0,754.0,749.0,72.6,74.276,37.0,1.524000000000001,False,1.524000000000001,0.18000000000000002,5.4,8.46666666666667,2025-12-01,Abarrotes Norte,Tradicional Modernizado,Caribe,Costa Norte,Barranquilla,Supermercado Regional,PARMESANO RALLADO ORO LECHE 100G,0.1,UND,TIPO PARMESANO,RALLADOS,QUESO PARMESANO,regular,ORO LECHE,MAQUILA,2025-12,Desabastecimiento
C013,900102,2025-12-31,19,1.52,26.0,2.08,198870.0,2.0,0.16,21710.0,455.0,446.0,34.88,35.293,28.0,1.1070000000000064,False,1.1070000000000064,0.13066666666666668,3.9200000000000004,8.471938775510253,2025-12-01,La Mesa Premium,Tiendas Especializadas,Occidente,,Cali,Especialidad,PEPPERONI TAJADO CASA IBERIA 80G,0.08,UND,PEPPERONI,CHARCUTERIA,CARNES MADURADAS,regular,CASA IBERIA,IMPORTADO,2025-12,Desabastecimiento
C014,300101,2025-12-31,90,20.7,0.0,0.0,0.0,8.0,1.84,72540.0,2207.0,2201.0,489.67,496.7,96.0,13.670000000000016,False,13.670000000000016,1.6099999999999999,48.3,8.490683229813675,2025-12-01,Plaza Hogar,Grandes Superficies,Occidente,Valle del Cauca,Cali,Hipermercado,JAMON DE CERDO FINAS LONCHAS SIERRA CARNES 230G,0.23,UND,JAMON CERDO,LONCHAS,CARNES FRIAS,regular,SIERRA CARNES,NACIONAL,2025-12,Desabastecimiento
C013,110105,2025-12-31,17,2.55,22.0,3.3,245470.0,1.0,0.15,16190.0,310.0,305.0,44.85,45.738,22.0,1.661999999999999,False,1.661999999999999,0.195,5.8500000000000005,8.523076923076918,2025-12-01,La Mesa Premium,Tiendas Especializadas,Occidente,,Cali,Especialidad,PROVOLONE TAJADO LOMA DORADA 150G,0.15,UND,PROVOLONE,QUESOS TAJADOS PREMIUM,QUESOS MADURADOS,regular,LOMA DORADA,IMPORTADO,2025-12,Desabastecimiento
C004,300101,2025-12-31,151,34.73,0.0,0.0,0.0,16.0,3.68,131000.0,4536.0,4581.0,1043.28,1049.95,106.0,28.059999999999945,False,28.059999999999945,3.2889999999999997,98.66999999999999,8.531468531468516,2025-12-01,Descuento Ya,Hard Discount,Centro,Bogotá y Sabana,Bogotá,Discounter,JAMON DE CERDO FINAS LONCHAS SIERRA CARNES 230G,0.23,UND,JAMON CERDO,LONCHAS,CARNES FRIAS,regular,SIERRA CARNES,NACIONAL,2025-12,Desabastecimiento
C016,190103,2025-12-31,18,10.8,0.0,0.0,0.0,1.0,0.6,41700.0,83.0,89.0,49.8,53.4,12.0,7.199999999999996,False,7.199999999999996,0.84,25.2,8.571428571428566,2025-12-01,Canasta Familiar,Grandes Superficies,Santanderes,Bucaramanga Metropolitana,Bucaramanga,Supermercado,RACLETTE CELEBRACION LOMA DORADA 600G,0.6,UND,MIXTO QUESOS,TEMPORADA,QUESOS MADURADOS,temporada,LOMA DORADA,IMPORTADO,2025-12,Desabastecimiento
C003,120103,2025-12-31,88,17.6,0.0,0.0,0.0,7.0,1.4,71090.0,1806.0,1857.0,361.2,368.2,37.0,10.600000000000023,False,10.600000000000023,1.2066666666666666,36.199999999999996,8.784530386740352,2025-12-01,MaxiCompra Caribe,Grandes Superficies,Caribe,Costa Norte,Barranquilla,Supermercado,QUESO CREMA CAMPOCLARO 200G,0.2,UND,CREMAS,UNTABLES,QUESOS FRESCOS,regular,CAMPOCLARO,NACIONAL,2025-12,Desabastecimiento
C018,120103,2025-12-31,112,22.4,0.0,0.0,0.0,11.0,2.2,99350.0,3710.0,3756.0,742.0,742.8,66.0,21.600000000000023,False,21.600000000000023,2.44,73.2,8.852459016393452,2025-12-01,Cadena Uno,Hard Discount,Occidente,Valle del Cauca,Cali,Discounter,QUESO CREMA CAMPOCLARO 200G,0.2,UND,CREMAS,UNTABLES,QUESOS FRESCOS,regular,CAMPOCLARO,NACIONAL,2025-12,Desabastecimiento
C016,300101,2025-12-31,88,20.24,0.0,0.0,0.0,2.0,0.46,17760.0,1721.0,1727.0,383.87,394.11899999999997,82.0,9.991000000000042,False,9.991000000000042,1.1193333333333333,33.58,8.925848719475917,2025-12-01,Canasta Familiar,Grandes Superficies,Santanderes,Bucaramanga Metropolitana,Bucaramanga,Supermercado,JAMON DE CERDO FINAS LONCHAS SIERRA CARNES 230G,0.23,UND,JAMON CERDO,LONCHAS,CARNES FRIAS,regular,SIERRA CARNES,NACIONAL,2025-12,Desabastecimiento
C005,110112,2025-12-31,205,20.5,0.0,0.0,0.0,16.0,1.6,101730.0,5296.0,5369.0,529.6,534.42,132.0,15.680000000000064,False,15.680000000000064,1.7266666666666668,51.800000000000004,9.081081081081118,2025-12-01,PrecioListo,Hard Discount,Antioquia,Valle de Aburrá,Medellín,Discounter,PARMESANO RALLADO ORO LECHE 100G,0.1,UND,TIPO PARMESANO,RALLADOS,QUESO PARMESANO,regular,ORO LECHE,MAQUILA,2025-12,Desabastecimiento
C001,300102,2025-12-31,84,19.32,0.0,0.0,0.0,10.0,2.3,94770.0,2368.0,2381.0,529.46,533.986,71.0,14.794000000000096,False,14.794000000000096,1.6176666666666668,48.53,9.145270966412587,2025-12-01,HiperMax Nacional,Grandes Superficies,Centro,Bogotá y Sabana,Bogotá,Hipermercado,JAMON DE PAVO FINAS LONCHAS SIERRA CARNES 230G,0.23,UND,JAMON PAVO,LONCHAS,CARNES FRIAS,regular,SIERRA CARNES,NACIONAL,2025-12,Desabastecimiento
C001,110110,2025-12-31,45,16.2,0.0,0.0,0.0,5.0,1.8,165120.0,1283.0,1291.0,448.92,449.842,37.0,15.27800000000002,False,15.27800000000002,1.644,49.32,9.293187347931886,2025-12-01,HiperMax Nacional,Grandes Superficies,Centro,Bogotá y Sabana,Bogotá,Hipermercado,MIX QUESOS PREMIUM MONTE AZUL 360G,0.36,UND,MIXTO QUESOS,MEZCLAS PREMIUM,QUESOS MADURADOS,regular,MONTE AZUL,IMPORTADO,2025-12,Desabastecimiento
C017,130101,2025-12-31,6,0.9,4.0,0.6,17590.0,1.0,0.15,5910.0,274.0,274.0,41.1,40.926,6.0,1.073999999999998,False,1.073999999999998,0.115,3.45,9.339130434782591,2025-12-01,RapiExpress,E-commerce,Centro,Bogotá y Sabana,Bogotá,Quick Commerce,CHEDDAR ESTILO AMERICANO DELILAT 150G,0.15,UND,CHEDDAR ANALOGO,LONCHAS,QUESOS ANALOGOS,regular,DELILAT,MAQUILA,2025-12,Desabastecimiento
C017,900101,2025-12-31,4,0.32,0.0,0.0,0.0,1.0,0.08,10590.0,202.0,201.0,15.92,15.692,5.0,0.5479999999999983,False,0.5479999999999983,0.058666666666666666,1.76,9.340909090909062,2025-12-01,RapiExpress,E-commerce,Centro,Bogotá y Sabana,Bogotá,Quick Commerce,SALAMI TAJADO CASA IBERIA 80G,0.08,UND,SALAMI,CHARCUTERIA,CARNES MADURADAS,regular,CASA IBERIA,IMPORTADO,2025-12,Desabastecimiento
C003,110113,2025-12-31,58,14.5,0.0,0.0,0.0,1.0,0.25,15980.0,1665.0,1667.0,401.0,405.25,56.0,10.25,False,10.25,1.0916666666666666,32.75,9.389312977099237,2025-12-01,MaxiCompra Caribe,Grandes Superficies,Caribe,Costa Norte,Barranquilla,Supermercado,PARMESANO RALLADO ORO LECHE 250G,0.25,UND,TIPO PARMESANO,RALLADOS,QUESO PARMESANO,regular,ORO LECHE,MAQUILA,2025-12,Desabastecimiento
C001,110105,2025-12-31,88,13.2,0.0,0.0,0.0,12.0,1.8,173400.0,2138.0,2148.0,320.7,321.96,78.0,11.939999999999998,False,11.939999999999998,1.2650000000000001,37.95,9.43873517786561,2025-12-01,HiperMax Nacional,Grandes Superficies,Centro,Bogotá y Sabana,Bogotá,Hipermercado,PROVOLONE TAJADO LOMA DORADA 150G,0.15,UND,PROVOLONE,QUESOS TAJADOS PREMIUM,QUESOS MADURADOS,regular,LOMA DORADA,IMPORTADO,2025-12,Desabastecimiento
C016,110113,2025-12-31,46,11.5,0.0,0.0,0.0,2.0,0.5,30890.0,1266.0,1252.0,306.25,308.86,60.0,8.889999999999986,False,8.889999999999986,0.9416666666666667,28.25,9.440707964601756,2025-12-01,Canasta Familiar,Grandes Superficies,Santanderes,Bucaramanga Metropolitana,Bucaramanga,Supermercado,PARMESANO RALLADO ORO LECHE 250G,0.25,UND,TIPO PARMESANO,RALLADOS,QUESO PARMESANO,regular,ORO LECHE,MAQUILA,2025-12,Desabastecimiento
C003,130103,2025-12-31,87,25.056,0.0,0.0,0.0,6.0,1.728,49340.0,2498.0,2480.0,703.008,708.342,105.0,19.722000000000094,False,19.722000000000094,2.0736,62.208,9.510995370370416,2025-12-01,MaxiCompra Caribe,Grandes Superficies,Caribe,Costa Norte,Barranquilla,Supermercado,LONCHAS AMERICANAS DELILAT 288G,0.288,UND,CHEDDAR ANALOGO,LONCHITAS,QUESOS ANALOGOS,regular,DELILAT,MAQUILA,2025-12,Desabastecimiento
C003,110110,2025-12-31,39,14.04,0.0,0.0,0.0,4.0,1.44,137120.0,786.0,804.0,282.96,287.942,21.0,9.057999999999993,False,9.057999999999993,0.9480000000000001,28.44,9.554852320675097,2025-12-01,MaxiCompra Caribe,Grandes Superficies,Caribe,Costa Norte,Barranquilla,Supermercado,MIX QUESOS PREMIUM MONTE AZUL 360G,0.36,UND,MIXTO QUESOS,MEZCLAS PREMIUM,QUESOS MADURADOS,regular,MONTE AZUL,IMPORTADO,2025-12,Desabastecimiento
C003,120101,2025-12-31,113,28.25,0.0,0.0,0.0,7.0,1.75,71890.0,2294.0,2295.0,553.5,565.97,112.0,15.779999999999973,False,15.779999999999973,1.6166666666666667,48.5,9.760824742268024,2025-12-01,MaxiCompra Caribe,Grandes Superficies,Caribe,Costa Norte,Barranquilla,Supermercado,MOZZARELLA TAJADA CAMPOCLARO 250G,0.25,UND,MOZZARELLA,QUESOS TAJADOS,QUESOS FRESCOS,regular,CAMPOCLARO,NACIONAL,2025-12,Desabastecimiento
C005,130103,2025-12-31,213,61.344,0.0,0.0,0.0,11.0,3.168,83650.0,6398.0,6491.0,1842.624,1849.501,120.0,54.4670000000001,False,54.4670000000001,5.5776,167.328,9.765311244979937,2025-12-01,PrecioListo,Hard Discount,Antioquia,Valle de Aburrá,Medellín,Discounter,LONCHAS AMERICANAS DELILAT 288G,0.288,UND,CHEDDAR ANALOGO,LONCHITAS,QUESOS ANALOGOS,regular,DELILAT,MAQUILA,2025-12,Desabastecimiento
C017,190101,2025-12-31,1,0.4,0.0,0.0,0.0,0.0,0.0,0.0,14.0,13.0,5.6,5.2,2.0,0.7999999999999998,False,0.7999999999999998,0.08000000000000002,2.4000000000000004,9.999999999999996,2025-12-01,RapiExpress,E-commerce,Centro,Bogotá y Sabana,Bogotá,Quick Commerce,TABLA APERITIVO NAVIDEÑA MONTE AZUL 400G,0.4,UND,MIXTO QUESOS,TEMPORADA,QUESOS MADURADOS,temporada,MONTE AZUL,IMPORTADO,2025-12,Desabastecimiento
C003,900103,2025-12-31,54,4.32,0.0,0.0,0.0,7.0,0.56,76290.0,1402.0,1387.0,101.76,110.061,69.0,-3.9809999999999945,True,0.0,0.3546666666666667,10.64,0.0,2025-12-01,MaxiCompra Caribe,Grandes Superficies,Caribe,Costa Norte,Barranquilla,Supermercado,JAMON SERRANO TAJADO CASA IBERIA 80G,0.08,UND,JAMON SERRANO,CHARCUTERIA,CARNES MADURADAS,regular,CASA IBERIA,IMPORTADO,2025-12,Inventario negativo
C003,300102,2025-12-31,79,18.17,0.0,0.0,0.0,5.0,1.15,47170.0,1626.0,1666.0,350.06,378.58,39.0,-10.349999999999966,True,0.0,1.0733333333333333,32.199999999999996,0.0,2025-12-01,MaxiCompra Caribe,Grandes Superficies,Caribe,Costa Norte,Barranquilla,Supermercado,JAMON DE PAVO FINAS LONCHAS SIERRA CARNES 230G,0.23,UND,JAMON PAVO,LONCHAS,CARNES FRIAS,regular,SIERRA CARNES,NACIONAL,2025-12,Inventario negativo
C004,900102,2025-12-31,149,11.92,0.0,0.0,0.0,13.0,1.04,118280.0,3816.0,3885.0,279.52,302.425,80.0,-10.985000000000014,True,0.0,1.008,30.240000000000002,0.0,2025-12-01,Descuento Ya,Hard Discount,Centro,Bogotá y Sabana,Bogotá,Discounter,PEPPERONI TAJADO CASA IBERIA 80G,0.08,UND,PEPPERONI,CHARCUTERIA,CARNES MADURADAS,regular,CASA IBERIA,IMPORTADO,2025-12,Inventario negativo
C012,110102,2025-12-31,21,3.15,0.0,0.0,0.0,4.0,0.6,64070.0,493.0,499.0,68.1,74.25,15.0,-3.0,True,0.0,0.295,8.85,0.0,2025-12-01,Delimarket Gourmet,Tiendas Especializadas,Centro,Bogotá y Sabana,Bogotá,Especialidad,HOLANDES TAJADO LOMA DORADA 150G,0.15,UND,HOLANDES,QUESOS TAJADOS PREMIUM,QUESOS MADURADOS,regular,LOMA DORADA,IMPORTADO,2025-12,Inventario negativo
C006,900102,2025-12-31,75,6.0,0.0,0.0,0.0,7.0,0.56,63710.0,1868.0,1895.0,142.24,150.0,48.0,-1.759999999999991,True,0.0,0.49333333333333335,14.8,0.0,2025-12-01,PuntoMenos Caribe,Hard Discount,Caribe,Costa Norte,Cartagena,Discounter,PEPPERONI TAJADO CASA IBERIA 80G,0.08,UND,PEPPERONI,CHARCUTERIA,CARNES MADURADAS,regular,CASA IBERIA,IMPORTADO,2025-12,Inventario negativo
C005,110113,2025-12-31,105,26.25,0.0,0.0,0.0,7.0,1.75,97680.0,3069.0,3055.0,679.75,752.64,119.0,-46.639999999999986,True,0.0,1.8583333333333334,55.75,0.0,2025-12-01,PrecioListo,Hard Discount,Antioquia,Valle de Aburrá,Medellín,Discounter,PARMESANO RALLADO ORO LECHE 250G,0.25,UND,TIPO PARMESANO,RALLADOS,QUESO PARMESANO,regular,ORO LECHE,MAQUILA,2025-12,Inventario negativo
C001,300101,2025-12-31,170,39.1,0.0,0.0,0.0,10.0,2.3,89760.0,3138.0,3240.0,679.351,737.38,68.0,-18.928999999999974,True,0.0,2.277,68.31,0.0,2025-12-01,HiperMax Nacional,Grandes Superficies,Centro,Bogotá y Sabana,Bogotá,Hipermercado,JAMON DE CERDO FINAS LONCHAS SIERRA CARNES 230G,0.23,UND,JAMON CERDO,LONCHAS,CARNES FRIAS,regular,SIERRA CARNES,NACIONAL,2025-12,Inventario negativo
C001,900103,2025-12-31,112,8.96,0.0,0.0,0.0,5.0,0.4,55030.0,2323.0,2372.0,174.64,186.96,63.0,-3.3600000000000136,True,0.0,0.5866666666666667,17.6,0.0,2025-12-01,HiperMax Nacional,Grandes Superficies,Centro,Bogotá y Sabana,Bogotá,Hipermercado,JAMON SERRANO TAJADO CASA IBERIA 80G,0.08,UND,JAMON SERRANO,CHARCUTERIA,CARNES MADURADAS,regular,CASA IBERIA,IMPORTADO,2025-12,Inventario negativo
C001,110106,2025-12-31,71,8.875,0.0,0.0,0.0,6.0,0.75,77520.0,1865.0,1887.0,224.625,234.0,49.0,-0.5,True,0.0,0.8916666666666667,26.75,0.0,2025-12-01,HiperMax Nacional,Grandes Superficies,Centro,Bogotá y Sabana,Bogotá,Hipermercado,BRIE CUÑA MONTE AZUL 125G,0.125,UND,BRIE,QUESOS BLANDOS,QUESOS MADURADOS,regular,MONTE AZUL,IMPORTADO,2025-12,Inventario negativo
C002,190103,2025-12-31,22,0.0,0.0,0.0,0.0,4.0,2.4,163410.0,119.0,134.0,71.4,80.39999999999999,7.0,-8.999999999999986,True,0.0,1.5799999999999998,47.4,0.0,2025-12-01,SuperAhorro,Grandes Superficies,Antioquia,Valle de Aburrá,Medellín,Supermercado,RACLETTE CELEBRACION LOMA DORADA 600G,0.6,UND,MIXTO QUESOS,TEMPORADA,QUESOS MADURADOS,temporada,LOMA DORADA,IMPORTADO,2025-12,Inventario negativo
C002,130103,2025-12-31,124,35.712,0.0,0.0,0.0,5.0,1.44,41750.0,2884.0,2953.0,783.648,822.989,55.0,-3.629000000000019,True,0.0,2.3904,71.712,0.0,2025-12-01,SuperAhorro,Grandes Superficies,Antioquia,Valle de Aburrá,Medellín,Supermercado,LONCHAS AMERICANAS DELILAT 288G,0.288,UND,CHEDDAR ANALOGO,LONCHITAS,QUESOS ANALOGOS,regular,DELILAT,MAQUILA,2025-12,Inventario negativo
C002,120103,2025-12-31,97,19.4,0.0,0.0,0.0,2.0,0.4,20640.0,2354.0,2395.0,441.6,473.2,56.0,-12.199999999999989,True,0.0,1.4800000000000002,44.400000000000006,0.0,2025-12-01,SuperAhorro,Grandes Superficies,Antioquia,Valle de Aburrá,Medellín,Supermercado,QUESO CREMA CAMPOCLARO 200G,0.2,UND,CREMAS,UNTABLES,QUESOS FRESCOS,regular,CAMPOCLARO,NACIONAL,2025-12,Inventario negativo
C016,120104,2025-12-31,81,16.2,0.0,0.0,0.0,6.0,1.2,48620.0,1775.0,1824.0,342.2,363.32,32.0,-4.920000000000016,True,0.0,0.9533333333333334,28.6,0.0,2025-12-01,Canasta Familiar,Grandes Superficies,Santanderes,Bucaramanga Metropolitana,Bucaramanga,Supermercado,MOZZARELLA LIGHT CAMPOCLARO 200G,0.2,UND,MOZZARELLA,QUESOS TAJADOS,QUESOS FRESCOS,regular,CAMPOCLARO,NACIONAL,2025-12,Inventario negativo
C016,110101,2025-12-31,52,7.8,0.0,0.0,0.0,4.0,0.6,59210.0,1227.0,1253.0,178.2,186.09,26.0,-0.09000000000000341,True,0.0,0.775,23.25,0.0,2025-12-01,Canasta Familiar,Grandes Superficies,Santanderes,Bucaramanga Metropolitana,Bucaramanga,Supermercado,GOUDA AHUMADO TAJADO LOMA DORADA 150G,0.15,UND,GOUDA AHUMADO,QUESOS TAJADOS PREMIUM,QUESOS MADURADOS,regular,LOMA DORADA,IMPORTADO,2025-12,Inventario negativo
C016,900101,2025-12-31,52,4.16,0.0,0.0,0.0,5.0,0.0,49800.0,1319.0,1326.0,98.48,105.28,45.0,-2.6400000000000006,True,0.0,0.37333333333333335,11.200000000000001,0.0,2025-12-01,Canasta Familiar,Grandes Superficies,Santanderes,Bucaramanga Metropolitana,Bucaramanga,Supermercado,SALAMI TAJADO CASA IBERIA 80G,0.08,UND,SALAMI,CHARCUTERIA,CARNES MADURADAS,regular,CASA IBERIA,IMPORTADO,2025-12,Inventario negativo
C018,130101,2025-12-31,262,39.3,0.0,0.0,0.0,26.0,3.9,135470.0,9763.0,9800.0,1350.15,1470.348,225.0,-80.89799999999991,True,0.0,4.569999999999999,137.1,0.0,2025-12-01,Cadena Uno,Hard Discount,Occidente,Valle del Cauca,Cali,Discounter,CHEDDAR ESTILO AMERICANO DELILAT 150G,0.15,UND,CHEDDAR ANALOGO,LONCHAS,QUESOS ANALOGOS,regular,DELILAT,MAQUILA,2025-12,Inventario negativo
C015,110113,2025-12-31,12,0.0,11.0,2.75,132650.0,1.0,0.25,15520.0,349.0,344.0,84.25,85.75,17.0,-1.5,True,0.0,0.2916666666666667,8.75,0.0,2025-12-01,Abarrotes Norte,Tradicional Modernizado,Caribe,Costa Norte,Barranquilla,Supermercado Regional,PARMESANO RALLADO ORO LECHE 250G,0.25,UND,TIPO PARMESANO,RALLADOS,QUESO PARMESANO,regular,ORO LECHE,MAQUILA,2025-12,Inventario negativo
C017,120101,2025-12-31,6,1.5,0.0,0.0,0.0,0.0,0.0,0.0,310.0,311.0,75.75,77.75,5.0,-0.5,True,0.0,0.25,7.5,0.0,2025-12-01,RapiExpress,E-commerce,Centro,Bogotá y Sabana,Bogotá,Quick Commerce,MOZZARELLA TAJADA CAMPOCLARO 250G,0.25,UND,MOZZARELLA,QUESOS TAJADOS,QUESOS FRESCOS,regular,CAMPOCLARO,NACIONAL,2025-12,Inventario negativo
C017,110108,2025-12-31,3,0.45,0.0,0.0,0.0,0.0,0.0,0.0,160.0,158.0,22.2,23.55,5.0,-0.9000000000000021,True,0.0,0.06999999999999999,2.0999999999999996,0.0,2025-12-01,RapiExpress,E-commerce,Centro,Bogotá y Sabana,Bogotá,Quick Commerce,MANCHEGO CUÑA MONTE AZUL 150G,0.15,UND,MANCHEGO,CUÑAS PREMIUM,QUESOS MADURADOS,regular,MONTE AZUL,IMPORTADO,2025-12,Inventario negativo
C017,300102,2025-12-31,4,0.92,0.0,0.0,0.0,0.0,0.0,0.0,328.0,330.0,73.14,75.9,2.0,-1.8400000000000034,True,0.0,0.10733333333333332,3.2199999999999998,0.0,2025-12-01,RapiExpress,E-commerce,Centro,Bogotá y Sabana,Bogotá,Quick Commerce,JAMON DE PAVO FINAS LONCHAS SIERRA CARNES 230G,0.23,UND,JAMON PAVO,LONCHAS,CARNES FRIAS,regular,SIERRA CARNES,NACIONAL,2025-12,Inventario negativo
C014,900101,2025-12-31,67,0.0,0.0,0.0,0.0,5.0,0.4,50740.0,1782.0,1778.0,137.76,142.026,71.0,-4.2660000000000196,True,0.0,0.5359999999999999,16.08,0.0,2025-12-01,Plaza Hogar,Grandes Superficies,Occidente,Valle del Cauca,Cali,Hipermercado,SALAMI TAJADO CASA IBERIA 80G,0.08,UND,SALAMI,CHARCUTERIA,CARNES MADURADAS,regular,CASA IBERIA,IMPORTADO,2025-12,Inventario negativo
C014,190102,2025-12-31,26,13.0,0.0,0.0,0.0,3.0,1.5,88510.0,112.0,170.0,56.0,85.0,-32.0,-16.0,True,0.0,1.9666666666666666,59.0,0.0,2025-12-01,Plaza Hogar,Grandes Superficies,Occidente,Valle del Cauca,Cali,Hipermercado,DUO FESTIVO QUESOS Y CARNES 500G,0.5,UND,MIXTO QUESOS-CARNES,TEMPORADA,QUESOS MADURADOS,temporada,MONTE AZUL,MAQUILA,2025-12,Inventario negativo
C014,110107,2025-12-31,58,7.25,0.0,0.0,0.0,4.0,0.5,51650.0,1248.0,1279.0,139.625,157.47,27.0,-10.594999999999999,True,0.0,0.4708333333333333,14.125,0.0,2025-12-01,Plaza Hogar,Grandes Superficies,Occidente,Valle del Cauca,Cali,Hipermercado,CAMEMBERT CUÑA MONTE AZUL 125G,0.125,UND,CAMEMBERT,QUESOS BLANDOS,QUESOS MADURADOS,regular,MONTE AZUL,IMPORTADO,2025-12,Inventario negativo
C014,110105,2025-12-31,60,9.0,0.0,0.0,0.0,1.0,0.15,14420.0,1506.0,1499.0,209.1,223.062,67.0,-4.9620000000000175,True,0.0,0.8200000000000001,24.6,0.0,2025-12-01,Plaza Hogar,Grandes Superficies,Occidente,Valle del Cauca,Cali,Hipermercado,PROVOLONE TAJADO LOMA DORADA 150G,0.15,UND,PROVOLONE,QUESOS TAJADOS PREMIUM,QUESOS MADURADOS,regular,LOMA DORADA,IMPORTADO,2025-12,Inventario negativo
C014,110102,2025-12-31,74,11.1,0.0,0.0,0.0,2.0,0.3,28570.0,1472.0,1499.0,208.8,223.638,47.0,-3.7379999999999995,True,0.0,0.78,23.400000000000002,0.0,2025-12-01,Plaza Hogar,Grandes Superficies,Occidente,Valle del Cauca,Cali,Hipermercado,HOLANDES TAJADO LOMA DORADA 150G,0.15,UND,HOLANDES,QUESOS TAJADOS PREMIUM,QUESOS MADURADOS,regular,LOMA DORADA,IMPORTADO,2025-12,Inventario negativo
